AlmásyVincentMárk	1a	1	@eotvos.gsuite.com	AlmásyVincentMárk1a1@eotvos.gsuite.com
Blazsovszky-RavaszLiza	1a	2	@eotvos.gsuite.com	Blazsovszky-RavaszLiza1a2@eotvos.gsuite.com
CzunyiZoéCsenge	1a	3	@eotvos.gsuite.com	CzunyiZoéCsenge1a3@eotvos.gsuite.com
FarkasGergõ	1a	4	@eotvos.gsuite.com	FarkasGergõ1a4@eotvos.gsuite.com
FehérÁrmin	1a	5	@eotvos.gsuite.com	FehérÁrmin1a5@eotvos.gsuite.com
ForgóCsengeAlexa	1a	6	@eotvos.gsuite.com	ForgóCsengeAlexa1a6@eotvos.gsuite.com
GáborIstvánRamirez	1a	7	@eotvos.gsuite.com	GáborIstvánRamirez1a7@eotvos.gsuite.com
GubaZoé	1a	8	@eotvos.gsuite.com	GubaZoé1a8@eotvos.gsuite.com
HorváthMilán	1a	9	@eotvos.gsuite.com	HorváthMilán1a9@eotvos.gsuite.com
KirnerCsanádBendegúz	1a	10	@eotvos.gsuite.com	KirnerCsanádBendegúz1a10@eotvos.gsuite.com
KovácsAlexandra	1a	11	@eotvos.gsuite.com	KovácsAlexandra1a11@eotvos.gsuite.com
Kovács-BallaiNimródLászló	1a	12	@eotvos.gsuite.com	Kovács-BallaiNimródLászló1a12@eotvos.gsuite.com
MalatinszkiMira	1a	13	@eotvos.gsuite.com	MalatinszkiMira1a13@eotvos.gsuite.com
MogyorósiViktória	1a	14	@eotvos.gsuite.com	MogyorósiViktória1a14@eotvos.gsuite.com
MohayTibor	1a	15	@eotvos.gsuite.com	MohayTibor1a15@eotvos.gsuite.com
NémethBarnabásIstván	1a	16	@eotvos.gsuite.com	NémethBarnabásIstván1a16@eotvos.gsuite.com
PanyiJázmin	1a	17	@eotvos.gsuite.com	PanyiJázmin1a17@eotvos.gsuite.com
SiklódyAndor	1a	18	@eotvos.gsuite.com	SiklódyAndor1a18@eotvos.gsuite.com
Szalisznyó-SzvetlikEmma	1a	19	@eotvos.gsuite.com	Szalisznyó-SzvetlikEmma1a19@eotvos.gsuite.com
SzitásTiaraJázmin	1a	20	@eotvos.gsuite.com	SzitásTiaraJázmin1a20@eotvos.gsuite.com
UrbánCsengeEmilia	1a	21	@eotvos.gsuite.com	UrbánCsengeEmilia1a21@eotvos.gsuite.com
YangYihanCece	1a	22	@eotvos.gsuite.com	YangYihanCece1a22@eotvos.gsuite.com
